impl,symbol,time,event_sc,event_ar,event_st,event_spring,event_test,event_sos,event_bc,event_sow,bc_score,spring_score,composite_score,debug,event,direction,role,event_date,bar_index
kapman_v0_handwritten_structural,ADBE,2024-03-05,False,False,False,False,False,True,False,False,0.0,0.0,0.0,"{'raw_event': {'date': '2024-03-05', 'idx': 47, 'label': 'SOS', 'score': 1.529410663420126}}",SOS,UP,ENTRY,2024-03-05,47
kapman_v0_handwritten_structural,AEHR,2025-09-22,False,False,False,False,False,True,False,False,0.0,0.0,0.0,"{'raw_event': {'date': '2025-09-22', 'idx': 435, 'label': 'SOS', 'score': 1.7305123630858943}}",SOS,UP,ENTRY,2025-09-22,435
kapman_v0_handwritten_structural,AEVA,2025-06-03,False,False,False,False,False,True,False,False,0.0,0.0,0.0,"{'raw_event': {'date': '2025-06-03', 'idx': 359, 'label': 'SOS', 'score': 1.7890054025274122}}",SOS,UP,ENTRY,2025-06-03,359
kapman_v0_handwritten_structural,AMBA,2024-11-27,False,False,False,False,False,True,False,False,0.0,0.0,0.0,"{'raw_event': {'date': '2024-11-27', 'idx': 233, 'label': 'SOS', 'score': 5.662613666935379}}",SOS,UP,ENTRY,2024-11-27,233
kapman_v0_handwritten_structural,ANET,2024-03-08,False,False,False,False,False,True,False,False,0.0,0.0,0.0,"{'raw_event': {'date': '2024-03-08', 'idx': 50, 'label': 'SOS', 'score': 2.886087758856455}}",SOS,UP,ENTRY,2024-03-08,50
kapman_v0_handwritten_structural,ASML,2024-03-01,False,False,False,False,False,True,False,False,0.0,0.0,0.0,"{'raw_event': {'date': '2024-03-01', 'idx': 45, 'label': 'SOS', 'score': 3.350885389409904}}",SOS,UP,ENTRY,2024-03-01,45
kapman_v0_handwritten_structural,AVGO,2024-03-01,False,False,False,False,False,True,False,False,0.0,0.0,0.0,"{'raw_event': {'date': '2024-03-01', 'idx': 45, 'label': 'SOS', 'score': 4.037098028051569}}",SOS,UP,ENTRY,2024-03-01,45
kapman_v0_handwritten_structural,BBAI,2025-02-12,False,False,False,False,False,True,False,False,0.0,0.0,0.0,"{'raw_event': {'date': '2025-02-12', 'idx': 283, 'label': 'SOS', 'score': 2.8451835505364746}}",SOS,UP,ENTRY,2025-02-12,283
kapman_v0_handwritten_structural,BIDU,2025-10-06,False,False,False,False,False,True,False,False,0.0,0.0,0.0,"{'raw_event': {'date': '2025-10-06', 'idx': 445, 'label': 'SOS', 'score': 1.915939735539863}}",SOS,UP,ENTRY,2025-10-06,445
kapman_v0_handwritten_structural,BWXT,2025-08-01,False,False,False,False,False,True,False,False,0.0,0.0,0.0,"{'raw_event': {'date': '2025-08-01', 'idx': 400, 'label': 'SOS', 'score': 2.4609297009363744}}",SOS,UP,ENTRY,2025-08-01,400
kapman_v0_handwritten_structural,CEG,2025-06-03,False,False,False,False,False,True,False,False,0.0,0.0,0.0,"{'raw_event': {'date': '2025-06-03', 'idx': 359, 'label': 'SOS', 'score': 2.969687833822165}}",SOS,UP,ENTRY,2025-06-03,359
kapman_v0_handwritten_structural,CORZ,2025-10-10,False,False,False,False,False,True,False,False,0.0,0.0,0.0,"{'raw_event': {'date': '2025-10-10', 'idx': 430, 'label': 'SOS', 'score': 1.8566982146998976}}",SOS,UP,ENTRY,2025-10-10,430
kapman_v0_handwritten_structural,CRDO,2025-01-21,False,False,False,False,False,True,False,False,0.0,0.0,0.0,"{'raw_event': {'date': '2025-01-21', 'idx': 267, 'label': 'SOS', 'score': 2.604237063168595}}",SOS,UP,ENTRY,2025-01-21,267
kapman_v0_handwritten_structural,CRWD,2025-11-14,False,False,False,False,False,True,False,False,0.0,0.0,0.0,"{'raw_event': {'date': '2025-11-14', 'idx': 474, 'label': 'SOS', 'score': 3.4923510227865866}}",SOS,UP,ENTRY,2025-11-14,474
kapman_v0_handwritten_structural,CXM,2024-02-22,False,False,False,False,False,True,False,False,0.0,0.0,0.0,"{'raw_event': {'date': '2024-02-22', 'idx': 39, 'label': 'SOS', 'score': 1.9160411731575624}}",SOS,UP,ENTRY,2024-02-22,39
kapman_v0_handwritten_structural,DOMO,2025-07-18,False,False,False,False,False,True,False,False,0.0,0.0,0.0,"{'raw_event': {'date': '2025-07-18', 'idx': 390, 'label': 'SOS', 'score': 2.2020664767404377}}",SOS,UP,ENTRY,2025-07-18,390
kapman_v0_handwritten_structural,DXCM,2024-03-01,False,False,False,False,False,True,False,False,0.0,0.0,0.0,"{'raw_event': {'date': '2024-03-01', 'idx': 45, 'label': 'SOS', 'score': 3.5336392501460496}}",SOS,UP,ENTRY,2024-03-01,45
kapman_v0_handwritten_structural,ENVX,2024-06-25,False,False,False,False,False,True,False,False,0.0,0.0,0.0,"{'raw_event': {'date': '2024-06-25', 'idx': 124, 'label': 'SOS', 'score': 4.716902145320154}}",SOS,UP,ENTRY,2024-06-25,124
kapman_v0_handwritten_structural,ESTC,2024-02-29,False,False,False,False,False,True,False,False,0.0,0.0,0.0,"{'raw_event': {'date': '2024-02-29', 'idx': 44, 'label': 'SOS', 'score': 1.7385444973746769}}",SOS,UP,ENTRY,2024-02-29,44
kapman_v0_handwritten_structural,EVTL,2024-09-27,False,False,False,False,False,True,False,False,0.0,0.0,0.0,"{'raw_event': {'date': '2024-09-27', 'idx': 190, 'label': 'SOS', 'score': 2.40767634590223}}",SOS,UP,ENTRY,2024-09-27,190
kapman_v0_handwritten_structural,GEV,2025-08-01,False,False,False,False,False,True,False,False,0.0,0.0,0.0,"{'raw_event': {'date': '2025-08-01', 'idx': 334, 'label': 'SOS', 'score': 1.5419930651016291}}",SOS,UP,ENTRY,2025-08-01,334
kapman_v0_handwritten_structural,GOOG,2025-08-13,False,False,False,False,False,True,False,False,0.0,0.0,0.0,"{'raw_event': {'date': '2025-08-13', 'idx': 408, 'label': 'SOS', 'score': 1.7420573205608874}}",SOS,UP,ENTRY,2025-08-13,408
kapman_v0_handwritten_structural,HON,2024-11-11,False,False,False,False,False,True,False,False,0.0,0.0,0.0,"{'raw_event': {'date': '2024-11-11', 'idx': 221, 'label': 'SOS', 'score': 1.706609926738225}}",SOS,UP,ENTRY,2024-11-11,221
kapman_v0_handwritten_structural,HUBS,2025-02-13,False,False,False,False,False,True,False,False,0.0,0.0,0.0,"{'raw_event': {'date': '2025-02-13', 'idx': 284, 'label': 'SOS', 'score': 3.337625503606364}}",SOS,UP,ENTRY,2025-02-13,284
kapman_v0_handwritten_structural,INTC,2024-02-22,False,False,False,False,False,True,False,False,0.0,0.0,0.0,"{'raw_event': {'date': '2024-02-22', 'idx': 39, 'label': 'SOS', 'score': 1.909143347555971}}",SOS,UP,ENTRY,2024-02-22,39
kapman_v0_handwritten_structural,INTU,2024-11-13,False,False,False,False,False,True,False,False,0.0,0.0,0.0,"{'raw_event': {'date': '2024-11-13', 'idx': 223, 'label': 'SOS', 'score': 1.6044113237567887}}",SOS,UP,ENTRY,2024-11-13,223
kapman_v0_handwritten_structural,INVZ,2024-02-28,False,False,False,False,False,True,False,False,0.0,0.0,0.0,"{'raw_event': {'date': '2024-02-28', 'idx': 43, 'label': 'SOS', 'score': 3.241515932899419}}",SOS,UP,ENTRY,2024-02-28,43
kapman_v0_handwritten_structural,IONQ,2025-10-06,False,False,False,False,False,True,False,False,0.0,0.0,0.0,"{'raw_event': {'date': '2025-10-06', 'idx': 445, 'label': 'SOS', 'score': 1.914809973050334}}",SOS,UP,ENTRY,2025-10-06,445
kapman_v0_handwritten_structural,LAZR,2024-11-21,False,False,False,False,False,True,False,False,0.0,0.0,0.0,"{'raw_event': {'date': '2024-11-21', 'idx': 229, 'label': 'SOS', 'score': 6.173355475317794}}",SOS,UP,ENTRY,2024-11-21,229
kapman_v0_handwritten_structural,LEU,2025-10-10,False,False,False,False,False,True,False,False,0.0,0.0,0.0,"{'raw_event': {'date': '2025-10-10', 'idx': 449, 'label': 'SOS', 'score': 3.1965144488173425}}",SOS,UP,ENTRY,2025-10-10,449
kapman_v0_handwritten_structural,LIDR,2024-05-10,False,False,False,False,False,True,False,False,0.0,0.0,0.0,"{'raw_event': {'date': '2024-05-10', 'idx': 94, 'label': 'SOS', 'score': 5.3732778096056615}}",SOS,UP,ENTRY,2024-05-10,94
kapman_v0_handwritten_structural,LPSN,2024-02-29,False,False,False,False,False,True,False,False,0.0,0.0,0.0,"{'raw_event': {'date': '2024-02-29', 'idx': 44, 'label': 'SOS', 'score': 3.0629390929722917}}",SOS,UP,ENTRY,2024-02-29,44
kapman_v0_handwritten_structural,MBLY,2024-03-06,False,False,False,False,False,True,False,False,0.0,0.0,0.0,"{'raw_event': {'date': '2024-03-06', 'idx': 48, 'label': 'SOS', 'score': 4.73395090249466}}",SOS,UP,ENTRY,2024-03-06,48
kapman_v0_handwritten_structural,META,2025-08-01,False,False,False,False,False,True,False,False,0.0,0.0,0.0,"{'raw_event': {'date': '2025-08-01', 'idx': 400, 'label': 'SOS', 'score': 1.6185728504879076}}",SOS,UP,ENTRY,2025-08-01,400
kapman_v0_handwritten_structural,MSFT,2024-03-05,False,False,False,False,False,True,False,False,0.0,0.0,0.0,"{'raw_event': {'date': '2024-03-05', 'idx': 47, 'label': 'SOS', 'score': 2.7403164640342537}}",SOS,UP,ENTRY,2024-03-05,47
kapman_v0_handwritten_structural,MU,2024-06-17,False,False,False,False,False,True,False,False,0.0,0.0,0.0,"{'raw_event': {'date': '2024-06-17', 'idx': 119, 'label': 'SOS', 'score': 1.9694873188435613}}",SOS,UP,ENTRY,2024-06-17,119
kapman_v0_handwritten_structural,NICE,2024-02-22,False,False,False,False,False,True,False,False,0.0,0.0,0.0,"{'raw_event': {'date': '2024-02-22', 'idx': 39, 'label': 'SOS', 'score': 3.5130131691808533}}",SOS,UP,ENTRY,2024-02-22,39
kapman_v0_handwritten_structural,NOTE,2024-03-11,False,False,False,False,False,True,False,False,0.0,0.0,0.0,"{'raw_event': {'date': '2024-03-11', 'idx': 51, 'label': 'SOS', 'score': 2.360498677412062}}",SOS,UP,ENTRY,2024-03-11,51
kapman_v0_handwritten_structural,NOW,2024-12-04,False,False,False,False,False,True,False,False,0.0,0.0,0.0,"{'raw_event': {'date': '2024-12-04', 'idx': 237, 'label': 'SOS', 'score': 3.471980910278247}}",SOS,UP,ENTRY,2024-12-04,237
kapman_v0_handwritten_structural,NTAP,2024-05-31,False,False,False,False,False,True,False,False,0.0,0.0,0.0,"{'raw_event': {'date': '2024-05-31', 'idx': 108, 'label': 'SOS', 'score': 3.958990105988828}}",SOS,UP,ENTRY,2024-05-31,108
kapman_v0_handwritten_structural,NUKZ,2025-10-10,False,False,False,False,False,True,False,False,0.0,0.0,0.0,"{'raw_event': {'date': '2025-10-10', 'idx': 430, 'label': 'SOS', 'score': 2.94176849623639}}",SOS,UP,ENTRY,2025-10-10,430
kapman_v0_handwritten_structural,NVDA,2024-02-22,False,False,False,False,False,True,False,False,0.0,0.0,0.0,"{'raw_event': {'date': '2024-02-22', 'idx': 39, 'label': 'SOS', 'score': 2.498088417660759}}",SOS,UP,ENTRY,2024-02-22,39
kapman_v0_handwritten_structural,OKLO,2025-10-10,False,False,False,False,False,True,False,False,0.0,0.0,0.0,"{'raw_event': {'date': '2025-10-10', 'idx': 355, 'label': 'SOS', 'score': 2.7517136899382213}}",SOS,UP,ENTRY,2025-10-10,355
kapman_v0_handwritten_structural,ORCL,2025-06-30,False,False,False,False,False,True,False,False,0.0,0.0,0.0,"{'raw_event': {'date': '2025-06-30', 'idx': 377, 'label': 'SOS', 'score': 1.7529525789512304}}",SOS,UP,ENTRY,2025-06-30,377
kapman_v0_handwritten_structural,PANW,2024-02-26,False,False,False,False,False,True,False,False,0.0,0.0,0.0,"{'raw_event': {'date': '2024-02-26', 'idx': 41, 'label': 'SOS', 'score': 3.9182923640531904}}",SOS,UP,ENTRY,2024-02-26,41
kapman_v0_handwritten_structural,PATH,2024-03-14,False,False,False,False,False,True,False,False,0.0,0.0,0.0,"{'raw_event': {'date': '2024-03-14', 'idx': 54, 'label': 'SOS', 'score': 4.39993729171789}}",SOS,UP,ENTRY,2024-03-14,54
kapman_v0_handwritten_structural,PEGA,2024-07-25,False,False,False,False,False,True,False,False,0.0,0.0,0.0,"{'raw_event': {'date': '2024-07-25', 'idx': 145, 'label': 'SOS', 'score': 4.829812480351018}}",SOS,UP,ENTRY,2024-07-25,145
kapman_v0_handwritten_structural,PLTR,2025-08-06,False,False,False,False,False,True,False,False,0.0,0.0,0.0,"{'raw_event': {'date': '2025-08-06', 'idx': 403, 'label': 'SOS', 'score': 1.8839085915670986}}",SOS,UP,ENTRY,2025-08-06,403
kapman_v0_handwritten_structural,PODD,2025-09-02,False,False,False,False,False,True,False,False,0.0,0.0,0.0,"{'raw_event': {'date': '2025-09-02', 'idx': 421, 'label': 'SOS', 'score': 1.5600133127917597}}",SOS,UP,ENTRY,2025-09-02,421
kapman_v0_handwritten_structural,QBTS,2025-09-24,False,False,False,False,False,True,False,False,0.0,0.0,0.0,"{'raw_event': {'date': '2025-09-24', 'idx': 437, 'label': 'SOS', 'score': 1.6762227708555024}}",SOS,UP,ENTRY,2025-09-24,437
kapman_v0_handwritten_structural,ROK,2025-07-01,False,False,False,False,False,True,False,False,0.0,0.0,0.0,"{'raw_event': {'date': '2025-07-01', 'idx': 378, 'label': 'SOS', 'score': 2.224953244375434}}",SOS,UP,ENTRY,2025-07-01,378
kapman_v0_handwritten_structural,SENS,2024-12-26,False,False,False,False,False,True,False,False,0.0,0.0,0.0,"{'raw_event': {'date': '2024-12-26', 'idx': 252, 'label': 'SOS', 'score': 3.524996626481388}}",SOS,UP,ENTRY,2024-12-26,252
kapman_v0_handwritten_structural,SMCI,2024-02-22,False,False,False,False,False,True,False,False,0.0,0.0,0.0,"{'raw_event': {'date': '2024-02-22', 'idx': 39, 'label': 'SOS', 'score': 2.4754484357380764}}",SOS,UP,ENTRY,2024-02-22,39
kapman_v0_handwritten_structural,SOUN,2024-12-16,False,False,False,False,False,True,False,False,0.0,0.0,0.0,"{'raw_event': {'date': '2024-12-16', 'idx': 245, 'label': 'SOS', 'score': 2.700842843169483}}",SOS,UP,ENTRY,2024-12-16,245
kapman_v0_handwritten_structural,SPCE,2024-06-17,False,False,False,False,False,True,False,False,0.0,0.0,0.0,"{'raw_event': {'date': '2024-06-17', 'idx': 119, 'label': 'SOS', 'score': 6.216726691851451}}",SOS,UP,ENTRY,2024-06-17,119
kapman_v0_handwritten_structural,STM,2024-02-23,False,False,False,False,False,True,False,False,0.0,0.0,0.0,"{'raw_event': {'date': '2024-02-23', 'idx': 40, 'label': 'SOS', 'score': 1.7844690174278701}}",SOS,UP,ENTRY,2024-02-23,40
kapman_v0_handwritten_structural,STRL,2025-07-10,False,False,False,False,False,True,False,False,0.0,0.0,0.0,"{'raw_event': {'date': '2025-07-10', 'idx': 384, 'label': 'SOS', 'score': 1.5911068702087554}}",SOS,UP,ENTRY,2025-07-10,384
kapman_v0_handwritten_structural,TDC,2024-04-16,False,False,False,False,False,True,False,False,0.0,0.0,0.0,"{'raw_event': {'date': '2024-04-16', 'idx': 76, 'label': 'SOS', 'score': 1.654867049352607}}",SOS,UP,ENTRY,2024-04-16,76
kapman_v0_handwritten_structural,TDY,2025-07-10,False,False,False,False,False,True,False,False,0.0,0.0,0.0,"{'raw_event': {'date': '2025-07-10', 'idx': 384, 'label': 'SOS', 'score': 2.428289073007695}}",SOS,UP,ENTRY,2025-07-10,384
kapman_v0_handwritten_structural,TLN,2025-08-01,False,False,False,False,False,True,False,False,0.0,0.0,0.0,"{'raw_event': {'date': '2025-08-01', 'idx': 266, 'label': 'SOS', 'score': 2.504436823414374}}",SOS,UP,ENTRY,2025-08-01,266
kapman_v0_handwritten_structural,TSLA,2024-12-16,False,False,False,False,False,True,False,False,0.0,0.0,0.0,"{'raw_event': {'date': '2024-12-16', 'idx': 245, 'label': 'SOS', 'score': 1.779916106871518}}",SOS,UP,ENTRY,2024-12-16,245
kapman_v0_handwritten_structural,TWLO,2025-01-27,False,False,False,False,False,True,False,False,0.0,0.0,0.0,"{'raw_event': {'date': '2025-01-27', 'idx': 271, 'label': 'SOS', 'score': 2.2171921084294777}}",SOS,UP,ENTRY,2025-01-27,271
kapman_v0_handwritten_structural,UEC,2025-09-22,False,False,False,False,False,True,False,False,0.0,0.0,0.0,"{'raw_event': {'date': '2025-09-22', 'idx': 435, 'label': 'SOS', 'score': 2.88524431991965}}",SOS,UP,ENTRY,2025-09-22,435
kapman_v0_handwritten_structural,UMAC,2024-11-29,False,False,False,False,False,True,False,False,0.0,0.0,0.0,"{'raw_event': {'date': '2024-11-29', 'idx': 200, 'label': 'SOS', 'score': 4.800206906448586}}",SOS,UP,ENTRY,2024-11-29,200
kapman_v0_handwritten_structural,URAN,2025-09-19,False,False,False,False,False,True,False,False,0.0,0.0,0.0,"{'raw_event': {'date': '2025-09-19', 'idx': 247, 'label': 'SOS', 'score': 2.996246384047621}}",SOS,UP,ENTRY,2025-09-19,247
kapman_v0_handwritten_structural,VRT,2025-10-13,False,False,False,False,False,True,False,False,0.0,0.0,0.0,"{'raw_event': {'date': '2025-10-13', 'idx': 450, 'label': 'SOS', 'score': 1.8359050483156483}}",SOS,UP,ENTRY,2025-10-13,450
kapman_v0_handwritten_structural,WDAY,2024-02-27,False,False,False,False,False,True,False,False,0.0,0.0,0.0,"{'raw_event': {'date': '2024-02-27', 'idx': 42, 'label': 'SOS', 'score': 2.867138528781332}}",SOS,UP,ENTRY,2024-02-27,42
kapman_v0_handwritten_structural,ZM,2024-11-11,False,False,False,False,False,True,False,False,0.0,0.0,0.0,"{'raw_event': {'date': '2024-11-11', 'idx': 221, 'label': 'SOS', 'score': 4.003435126377147}}",SOS,UP,ENTRY,2024-11-11,221
